{
  "total_cases": 100,
  "macro_average": {
    "precision": 0.15866666666666668,
    "recall": 0.29833333333333334,
    "f1": 0.19318253968253962
  },
  "micro_average": {
    "precision": 0.12539184952978055,
    "recall": 0.25157232704402516,
    "f1": 0.16736401673640167
  },
  "total": {
    "true_positive": 40,
    "false_positive": 279,
    "false_negative": 119
  }
}