{
  "total_cases": 100,
  "perfect_recall_cases": 54,
  "partial_recall_cases": 15,
  "zero_recall_cases": 31,
  "recall_distribution": {
    "0%": 31,
    "1-25%": 1,
    "26-50%": 8,
    "51-75%": 6,
    "76-99%": 0,
    "100%": 54
  },
  "macro_average": {
    "precision": 0.016603057639164035,
    "recall": 0.6225,
    "f1": 0.031472961796311386
  },
  "micro_average": {
    "precision": 0.008778152154637347,
    "recall": 0.6226415094339622,
    "f1": 0.017312232228731312
  },
  "total": {
    "true_positive": 99,
    "false_positive": 11179,
    "false_negative": 60
  }
}