{
  "total_cases": 100,
  "perfect_recall_cases": 18,
  "partial_recall_cases": 17,
  "zero_recall_cases": 65,
  "recall_distribution": {
    "0%": 65,
    "1-25%": 1,
    "26-50%": 15,
    "51-75%": 1,
    "76-99%": 0,
    "100%": 18
  },
  "macro_average": {
    "precision": 0.034193744205026536,
    "recall": 0.26,
    "f1": 0.05800154479710082
  },
  "micro_average": {
    "precision": 0.023076923076923078,
    "recall": 0.24528301886792453,
    "f1": 0.042184964845862635
  },
  "total": {
    "true_positive": 39,
    "false_positive": 1651,
    "false_negative": 120
  }
}