{
  "total_cases": 35,
  "perfect_recall_cases": 10,
  "partial_recall_cases": 9,
  "zero_recall_cases": 16,
  "recall_distribution": {
    "0%": 16,
    "1-25%": 1,
    "26-50%": 7,
    "51-75%": 1,
    "76-99%": 0,
    "100%": 10
  },
  "macro_average": {
    "precision": 0.16882189239332093,
    "recall": 0.40238095238095245,
    "f1": 0.21373800802372234
  },
  "micro_average": {
    "precision": 0.14285714285714285,
    "recall": 0.38461538461538464,
    "f1": 0.20833333333333331
  },
  "total": {
    "true_positive": 20,
    "false_positive": 120,
    "false_negative": 32
  }
}