{
  "total_cases": 40,
  "macro_average": {
    "precision": 0.048541666666666664,
    "recall": 0.14583333333333334,
    "f1": 0.07005952380952381
  },
  "micro_average": {
    "precision": 0.03723404255319149,
    "recall": 0.11475409836065574,
    "f1": 0.05622489959839357
  },
  "total": {
    "true_positive": 7,
    "false_positive": 181,
    "false_negative": 54
  }
}