{
  "total_cases": 100,
  "macro_average": {
    "precision": 0.08309523809523808,
    "recall": 0.22333333333333333,
    "f1": 0.11414285714285716
  },
  "micro_average": {
    "precision": 0.08403361344537816,
    "recall": 0.18867924528301888,
    "f1": 0.11627906976744187
  },
  "total": {
    "true_positive": 30,
    "false_positive": 327,
    "false_negative": 129
  }
}