{
  "total_cases": 100,
  "macro_average": {
    "precision": 0.08426190476190476,
    "recall": 0.19,
    "f1": 0.10738095238095241
  },
  "micro_average": {
    "precision": 0.07520891364902507,
    "recall": 0.16981132075471697,
    "f1": 0.10424710424710425
  },
  "total": {
    "true_positive": 27,
    "false_positive": 332,
    "false_negative": 132
  }
}