{
  "total_cases": 100,
  "perfect_recall_cases": 39,
  "partial_recall_cases": 19,
  "zero_recall_cases": 42,
  "recall_distribution": {
    "0%": 42,
    "1-25%": 2,
    "26-50%": 13,
    "51-75%": 4,
    "76-99%": 0,
    "100%": 39
  },
  "macro_average": {
    "precision": 0.0468565464636697,
    "recall": 0.4850000000000001,
    "f1": 0.07894482081845446
  },
  "micro_average": {
    "precision": 0.027810885975367503,
    "recall": 0.44025157232704404,
    "f1": 0.052316890881913304
  },
  "total": {
    "true_positive": 70,
    "false_positive": 2447,
    "false_negative": 89
  }
}