{
  "total_cases": 100,
  "macro_average": {
    "precision": 0.03787337662337663,
    "recall": 0.12583333333333332,
    "f1": 0.05471378621378621
  },
  "micro_average": {
    "precision": 0.02824858757062147,
    "recall": 0.09433962264150944,
    "f1": 0.043478260869565216
  },
  "total": {
    "true_positive": 15,
    "false_positive": 516,
    "false_negative": 144
  }
}