{
  "total_cases": 100,
  "perfect_recall_cases": 25,
  "partial_recall_cases": 20,
  "zero_recall_cases": 55,
  "recall_distribution": {
    "0%": 55,
    "1-25%": 1,
    "26-50%": 17,
    "51-75%": 2,
    "76-99%": 0,
    "100%": 25
  },
  "macro_average": {
    "precision": 0.04691923315323903,
    "recall": 0.3474999999999999,
    "f1": 0.07841902316684925
  },
  "micro_average": {
    "precision": 0.0340398201669878,
    "recall": 0.35333333333333333,
    "f1": 0.06209724663151728
  },
  "total": {
    "true_positive": 53,
    "false_positive": 1504,
    "false_negative": 97
  }
}